Sequence;ELA(N);Pop;Parent;Angles;Ann(N);Parameters Global;Eff Success;Eff Fail;Rig Success;Rig Fail;Rig Max; Rig Neightbors;Rig Neightbors Expression;Start;End;Time;Avarage Duration;Avarage Energy;Minimum Energy;Minimum Angles
1AGT(38);200;200;1;2;200;true;+2;-0.000001;+1;-0.00001;10;1;(5-n)/4;1397497626600;1397497635117;8.517;2.839;-11.046398407270184;-14.06571275379112;-5.12, -0.83, 0.02, 1.99, 0.02, 8.21, -1.08, 0.05, 1.08, -6.16, -0.11, 1.89, -0.04, -0.24, 4.35, -1, 0.51, 0.06, 0.01, 5.85, 1.87, -0.2, 5.9, -17.53, -0.72, 1.8, 1.18, -19.34, -6.65, -6.01, -19.72, -14.46, -4.41, 0.12, 1.98, -1.71, -9.56
1AGT(38);200;200;1;2;200;true;+2;-0.000001;+1;-0.00001;10;2;(5-n)/4;1397497635238;1397497643702;8.464;2.821;-12.666185142689885;-13.97311920050755;4.32, 5.28, -0.49, 0.8, 0, -4.36, 0, 0, 0, 1.83, -0.03, 6.3, 0.03, -0.23, 16.92, 5.25, 0.89, 1.33, -4.89, -0.11, 10.64, 32.01, -0.14, 6.08, -0.14, -4.34, -5.69, 0.95, -6.19, 5.96, 0.23, -0.33, 10.64, 0.44, 10.63, 0.16, 6.21
1AGT(38);100;200;1;2;200;true;+2;-0.000001;+1;-0.00001;10;1;(5-n)/4;1397517912421;1397517965746;53.325;1.778;-12.3276860897702;-16.224516216359127;-4.35, -1.96, -0.16, -1.93, 0.49, -1.54, 0.58, 8.21, 0.49, 4.35, 0.76, -1.95, -1.05, -5.26, 1.97, 0.14, 0.06, -1.2, -7.99, -0.43, -4.34, 6.15, 6.47, 0.12, 1.6, 4.33, 5.24, -0.03, -0.15, 23.87, 0.02, 0.73, 4.34, -0.14, -1.95, -23.42, 7.7
1AGT(38);200;200;1;2;200;true;+2;-0.000001;+1;-0.00001;10;1;(5-n)/4;1397517965905;1397518056480;90.575;3.019;-12.524396883180636;-16.26105650620843;10.71, 8.22, 0.42, 14.25, -0.21, 1.45, 5.3, -4.7, -0.03, 7.43, 0.01, 0.75, 0.5, 11.55, 4.31, -0.11, -0.46, -12.88, 5.6, 0.45, 8.21, -12.6, -0.3, -0.01, -1.22, -10.61, 7.33, -0.07, 6.32, -36.93, 0.47, 24.66, 1.94, 6.42, 1.95, -19.39, 44.92
1AGT(38);400;200;1;2;200;true;+2;-0.000001;+1;-0.00001;10;1;(5-n)/4;1397518056569;1397518223327;166.758;5.559;-12.885484464086865;-19.653986829152977;-4.3, -1.88, 0.03, -8.02, 0.31, -1.94, 1.05, 11.06, -24.14, 4.76, -5.83, 4.37, 6.67, -6.1, 1.88, -11.42, -13.67, -1.12, -1.54, 0.31, 1.99, -0.01, 6.56, -0.13, 50.74, 10.63, -7.36, -0.48, 12.79, -19.45, 6.22, 1.91, 4.38, 6.19, 4.32, 1.87, -54.37
1AGT(38);1000;200;1;2;200;true;+2;-0.000001;+1;-0.00001;10;1;(5-n)/4;1397518223429;1397518611154;387.725;12.924;-13.84775125655798;-18.694748547010974;0.04, 1.99, 0.03, -4.3, -1.8, 8.24, 12.02, -1.85, 0.25, 1.89, 0.93, -1.85, 0.01, 1.03, 14.53, 0.01, 0.04, 0.08, 12.44, 12.92, -12.7, -7.03, -11.15, 13.44, -20.31, -23.14, 38.6, 49.14, -43.91, 19.31, -5.81, 45.76, -14.51, -12.71, -14.51, -29.7, -5.87
1AGT(38);2000;200;1;2;200;true;+2;-0.000001;+1;-0.00001;10;1;(5-n)/4;1397518611280;1397519393023;781.743;26.058;-15.607105930913479;-20.847853611452084;10.6, -1, -6.26, 4.31, -24.14, -1.97, -5.93, -0.67, 0.34, -1.98, -4.88, -8.25, -12.49, 0.54, 39.67, 25.73, -0.17, -45.08, -45.5, -0.88, 0.56, -6.76, -23.56, -17.41, 12.24, -42.24, 17.47, 12.82, -30.55, 44.35, -6.34, 1.76, 67.24, -6.5, 35.76, 33.13, 32.56
1AGT(38);10000;200;1;2;200;true;+2;-0.000001;+1;-0.00001;10;1;(5-n)/4;1397519393200;1397523275527;3882.327;129.411;-17.481632646731853;-23.07143625601208;-6.54, 4.3, 0.91, -4.3, -0.67, 1.9, 11.51, -4.31, 5.41, 108.75, -14.37, 71.02, -13.42, 17.87, -23.19, -12.83, -18.84, -36.34, -4.65, 37.9, 23.18, 5.99, -19.12, -32.17, -45.72, 45.94, -17.81, -18.98, 74.46, -190.32, -6.7, 39.59, -8.16, 50.16, 35.72, -29.64, 140.37
F6(13);10000;200;1;2;200;true;+2;-0.000001;+1;-0.00001;10;1;(5-n)/4;1397523517446;1397524730176;1212.730;40.424;-3.126324997705674;-3.2712362405764384;-161.87, -11.06, -63.77, -17.31, 26.59, -51.65, 33.37, 55.05, -92.7, 39.16, -252.33, -197.86
F7(21);10000;200;1;2;200;true;+2;-0.000001;+1;-0.00001;10;1;(5-n)/4;1397525072118;1397525659083;586.965;58.697;-4.923968544327174;-5.891314060050682;24.44, -67.18, 56.12, -37.42, 6.21, 17.17, -48.37, 87.22, 0.2, -30.63, -17.06, -12.15, 0.21, 4.87, 8.18, 24.66, 144.93, 31.2, 42.23, 62.12
F6(13);10000;400;1;2;400;true;+2;-0.00001;+1;-0.000001;10;1;(5-n)/4;1397525985407;1397529939292;3953.885;79.078;-3.153597084855264;-3.1968831338749726;94.11, -43.05, -42.17, 44.31, 75.77, 43.49, 14.51, 29.99, -105.31, -218.41, 61.09, -29.74
F7(21);10000;400;1;2;400;true;+2;-0.00001;+1;-0.000001;10;1;(5-n)/4;1397529940402;1397536537956;6597.554;131.951;-4.861993321694826;-6.011214585763264;-50.8, -10.63, 125.09, 87.86, 6.65, -8.01, -16.9, 11.96, -37.7, -17.99, 14.35, -12.09, -31.27, -70.51, -29.49, 37.27, -0.2, 138.47, 17.71, -5.63
F8(34);10000;400;1;2;400;true;+2;-0.00001;+1;-0.000001;10;1;(5-n)/4;1397536538886;1397548715890;12177.004;243.540;-7.459231318478703;-9.208205361472306;-12.24, -45.05, -8.08, -6.54, 5.8, 69.62, 4.35, 33.13, -43.94, 5.79, 20.39, 6.3, 18.31, -6.48, -1.92, -0.56, -44.05, 6.04, -11.89, 10.64, 0.26, -12.36, -25.17, 152.63, 37.92, -12.92, 150.42, -96.2, 75.07, 87.52, -50.33, -42.4, -159.8
1AGT(38);200;200;1;2;200;true;+2;-0.000001;+1;-0.00001;10;1;(5-n)/4;1397563787513;1397563796087;8.574;2.858;-14.649655950990699;-15.534751134355204;-10.733790550834089, 7.487287589463718, -0.0027941140606267878, 1.7742733602132559, -0.6582012463958041, 4.428766259999452, -12.997840129832072, -12.794105731626447, -0.043115645767929284, -1.9442095178246315, -0.018116363860219108, -4.386303197406262, 0.4107960131141335, 6.038037762973821, -1.8685798888003486, -1.125886571467646, 0.5499450633976964, -6.334080195320448, -13.13588808929869, 0.03948506594616601, -18.797625979502637, 6.521902793314913, 0.020657287047128572, 12.431826846982677, -1.7407995361024295, -10.642055214877754, -5.18969199623783, 5.628689635947256, -1.0316851513290373, 11.223248842145741, -0.7060666927993428, 8.152510975776224, 4.390780937226511, 6.115603774926419, -8.243944478520845, -4.498261967865139, 17.76740434003041
F9(55);200;200;1;2;200;true;+2;-0.000001;+1;-0.00001;10;1;(5-n)/4;1397658546640;1397658562519;15.879;5.293;-7.356566404436308;-8.868182556782742;-0.45968515891728945, -1.934401053415812, -0.5845584434955345, -0.18220881803127675, 0.02182499087377268, -6.756323720423887, 4.341332245519386, -0.04783414496067312, 0.10303463255302105, -6.147962449688692, -0.9060638013709233, -0.12201573725192869, -0.2900647449661616, 6.635660400114626, -1.9400648451312335, 0.007999274020829627, -0.020187969251344456, 0.25896091463227433, 0.0017578764187400125, -10.636111114138714, -12.860201810818458, -0.010091504373876927, 0.02374277971136759, 0.02147192783636618, 24.94818974629822, -6.499098560355656, -5.886581433705241, 8.224978327098302, -12.110313136272353, -0.19611090989305213, 0.00523895994111483, 0.5488104539958794, 6.958919378950723, -0.05617754290869819, -0.01203030185560056, -1.9739030106363566, -6.6523988709702975, -0.010891346506566028, -0.004998872636073336, -0.0051091745898703515, 10.608707225936316, 0.005826138770916315, 0.012975597287886165, 0.07208586941996759, -0.03233463546798307, -0.0051912863480618, 0.05176647204813489, 0.695007289056417, 1.9557382477866747, 0.05814424317033721, -5.707977510283109, -0.0051778795230450255, -6.539292937727376, 66.9365151280142
F9(55);200;200;1;2;200;true;+2;-0.000001;+1;-0.00001;10;1;(5-n)/4;1397658611144;1397658627568;16.424;5.475;-8.465433973048055;-9.514764156543766;19.45459986296906, -1.9303582772775258, -31.196095022678342, -19.00254034752378, -0.21191352758967222, 25.05873028386897, -1.9391095836923606, -6.602060989835108, 0.02873753772228658, -0.35814011818242186, 0.019331728952726612, 0.007312447184850976, 0.004917111313273428, -0.0004814986241839742, 1.9260690642071836, -0.002398620576315044, -6.25977196338347, 0.001674358742984528, 0.001626499905436513, -4.395316703042619, -0.013762163732555423, 0.20392068932064106, -0.5086852204617767, 0.394371908955404, -6.345402349320608, -0.30092054337683116, -0.28567516905766766, 4.325823687279083, -0.6498524980204567, -0.010687296817175194, 0.004933472090681035, -0.02907695256168167, 0.00634081493273779, -6.0836857296304325, 0.018507492853691767, 1.918548525477628, -0.2075703170107438, 6.462323637563032, 6.309940289998216, -0.005172935626791816, -4.3603344478319475, -12.484648657081964, -12.262663647311864, 0.0858495461770553, 4.872315327814397, 0.03683466125872581, 0.10598772712784026, 18.50468197387086, 4.342352992196684, 6.205221927115921, -0.054569805086013196, -0.607642503617351, -7.761083047461255, 12.82270464483206
1AGT(38);200;200;1;2;200;true;+2;-0.000001;+1;-0.00001;10;1;(5-n)/4;1397658697100;1397658704821;7.721;2.574;-13.520986082029594;-14.517740611121198;4.332260009848559, -13.617989495852855, 0.6953150249498001, 1.9392469202822675, 0.10888102924293637, 23.291191331172033, 0.009816869319997205, 1.614909401709761, -0.014576922040211278, -4.3492939573056715, 0.010537551790244626, 4.379782921125935, -0.38004904895110164, 7.164644022006555, 2.0151348248675807, 0.008288566499535334, -0.022576640470308267, -0.0073781318056419225, 0.001318057298103359, 6.47707531636653, 0.8750887442366831, -0.7193115673699305, 0.3524717473475929, 0.2938021376846695, 6.680345982456442, -14.513644935167466, -1.0400832249049483, -0.3943697732567407, -0.4971980128922377, -30.61463163515251, 13.6370748059958, -10.78694783735144, -8.226122629685372, 6.13364584983839, 16.90684338872236, 7.9996338710860835, 8.48845468343277
1AGT(38);200;200;1;2;200;true;+2;-0.000001;+1;-0.00001;10;2;(5-n)/4;1397658708706;1397658717208;8.502;2.834;-13.624052966143902;-16.660481938519787;-1.913457715884856, -1.112643762729348, -11.60458097356607, 8.243701297852414, 5.140006634000154, -11.804108736600833, 1.0202263031613126, -6.368560745357494, 0.08126010844675273, 1.1456594213322704, -0.0535486454912304, -4.318446629203679, -5.365305326188355, -1.0301421030994493, -1.9556616885003404, -0.16302402470854177, -6.476603109435049, -6.197071615609216, 5.818258195787438, -0.33860749943810803, -4.320819704480241, -0.32117640925825736, 0.06538943250038635, 6.301187139421459, -5.8538693349192465, 4.353260298617064, -1.0290757792680736, -6.839125145263198, -0.016834907217119187, 0.02172129089827531, 0.0038334480364594988, 0.09243689718881265, -1.5415131139623006, -11.878855369741402, 16.88759059279732, -4.8331942005755115, 3.764040390805272
1AGT(38);200;200;1;2;200;true;+2;-0.000001;+1;-0.00001;10;2;(5-n)/4;1397658717273;1397658726282;9.009;3.003;-13.618367566374724;-13.836567967068564;5.205751771830074, -1.9072826865570802, 0.2358183608616976, -7.697291907996365, 0.4303555464689256, -8.216299170004353, 0.5716601111794556, 8.208702349356058, 0.49064427859382287, -1.9353438212544363, -5.519693826012171, 4.332170855014054, -1.0505852282554569, 1.0196103684223345, -4.3186561378608, 0.14700052159354288, -0.3825549438737717, 0.2266186413483441, 44.19298121774953, 6.450080302534761, 4.350151081153865, 0.13201971068036095, -31.47807016668753, -6.363976915679093, -6.538885335884872, -8.158024730050204, -0.2058570470708339, 0.0639891102554826, -6.632091011804217, 0.6983945031033062, 13.076107812936826, 5.841324084245098, 20.779432608024926, -6.151956976059979, 1.9523545397086035, -0.6011625219722563, 34.745890764140505
1AGT(38);200;200;1;2;200;true;+2;-0.000001;+1;-0.00001;10;1;(5-n)/4;1397658798821;1397658806703;7.882;2.627;-12.146781882295796;-13.750443939084201;6.410885042328391, 1.9641557850357212, -1.3481993582992813, -1.6886689448268086, -0.01414027778289632, 5.131222145581279, -0.03061877452144899, 0.008854157436931253, 0.005775082264790975, -1.910018566617882, 0.004290771141361261, -0.09572609187141205, 0.03134516202955963, -0.08948430509616313, 16.93361118284836, -0.036696609960760504, 1.269154452088864, -6.750249592907219, 0.16826223631194484, -18.746291211962163, 16.91265407076688, 0.05457486754218103, 5.873145576968183, -6.300628381886896, -25.47898777509713, 1.9414686808440984, -17.7986238768542, -12.295148156100758, -19.310402118910183, 0.27945156182648784, 0.48924949300590265, -0.5227011759692373, 1.9514667451466117, 0.1277616484668552, -16.9188788373649, -6.7415093165975435, -3.032544964171108
1AGT(38);200;200;1;2;200;true;+2;-0.000001;+1;-0.00001;10;2;(5-n)/4;1397658811461;1397658819825;8.364;2.788;-11.151831496936339;-13.274469218130088;-7.5371726903610075, -0.06866763688296552, 0.046055543941916785, -1.9319502180455024, 0.03480664912508273, -0.005757337036052185, 0.01205979471191268, -14.482229983376088, 0.035256401501444, 0.0014186465805570815, 0.027250945537125187, 17.65220644864665, 0.02485307398760367, -0.5955323220175832, -0.917496023174639, 0.0899443507761117, 0.38750820998251967, -0.4821472160704856, 6.469299910766943, -12.384171473389024, 6.241485070279977, -0.0066644223375858114, -1.4264244514257822, -0.17667580010165782, -14.336312284037755, 11.91724970273033, 0.9508576507366392, -5.001015374470058, -31.31085327804669, 0.9033176470783284, 6.90542765924531, 1.8372808160798286, 4.374374424580393, -0.19212977771120693, -14.499021141714081, -5.400431433711733, 5.705204894905277
1AGT(38);200;200;1;2;200;true;+2;-0.000001;+1;-0.00001;10;2;(5-n)/4;1397658819885;1397658829099;9.214;3.071;-15.022355447305145;-17.00537907732509;0.027071087469141795, -1.9723548563773217, 6.1440478616960075, -1.934392881530234, -4.879338190891145, 4.762689920567178, 0.09403923518747594, -1.502506080422708, -0.0050795534756945485, 5.177170231554978, -4.584841847334244, 4.36319318583947, -0.11090875139734693, 7.223746460590046, 8.274297108364877, 0.12040304955329598, -0.04696838696414777, 5.290355710776141, 0.25254637355419296, 0.16980712463019193, -1.9344547282935252, 0.11053231739758852, -4.644232696473463, -17.62490235742518, -0.6310177669797732, 14.513507913277612, 5.838792197975855, -0.2428407385250065, 0.25717486196686773, 7.100615719748011, 0.03524358176541296, 17.982803957111173, 1.941925392221389, -6.138887819197568, 8.22582403188952, -14.330595352265659, 8.886244297853013
1AGT(38);200;200;1;2;200;true;+2;-0.000001;+1;-0.00001;10;1;(5-n)/4;1397658944522;1397658952615;8.093;2.698;-12.36362369114777;-14.557081568077969;4.3414044814055615, -1.0485864187138088, 0.286821442330714, 4.309765783959949, 0.10177296358310517, -1.1000515129727462, 0.09445682974915023, -0.09063380401203451, 0.09123902603110524, 4.32722117175067, -0.0027462600949724417, -0.5179165569234561, -0.23610864933219564, 7.269098887591428, -10.588239881114037, 0.10807369477672614, -12.350196170931955, 5.9942650766597705, -5.714856036375246, -0.1888660445583012, -4.35056137580618, -0.5769106092866034, 12.828668893170358, 6.4375731745290246, 0.4238685583711797, -1.9402971076348903, -1.054750042647189, -0.10972366671289682, -7.278189505427214, 6.800749564357561, -24.6351774837507, 12.115302907196455, 8.224093240021302, 0.13215985679483833, 1.9436361724073645, -19.43911596594564, 19.90437396428811
1AGT(38);200;200;1;2;200;true;+2;-0.000001;+1;-0.00001;10;2;(5-n)/4;1397658959714;1397658968276;8.562;2.854;-12.532601753182332;-14.697246099274317;6.23671170951538, -0.026708457477378857, 0.011346267836671958, 1.9421837439706344, -0.004921132439695136, -0.0015442997021313967, 1.66847860149797, 0.005871684273215879, 0.017387284337303438, 0.1075359450446975, -0.49999245600923814, 1.9488097765038654, 0.05695652157367685, 0.018686467848630876, 1.92465982068446, -0.8600062995103884, -7.142590458744896, -37.91297123080762, -12.282651289782548, 6.086695773045051, 4.341729257626243, 7.071956911626175, 12.511861106541817, -13.198654865972317, -0.3390242587037865, -10.613098513127671, 13.590238627348182, 6.638689386274626, 13.091612755871811, 0.2802883098872109, 5.93852613668669, -0.4205304640527386, -4.641502323529204, -12.889838448585058, 7.38789368012671, 5.876648867206781, -45.235786492143475
1AGT(38);200;200;1;2;200;true;+2;-0.000001;+1;-0.00001;10;3;(5-n)/4;1397658975264;1397658984582;9.318;3.106;-15.28003608875703;-16.772148843699604;-1.9531698765080576, -0.035090243429602104, -1.0430680486257675, -1.94904504272566, -4.493929598053169, -1.8917461087540632, -18.583903498558076, -4.613880273308714, -1.8736776009391303, -10.672044161305882, 6.44641857504443, 8.259149892881533, -0.3304382960942356, 6.231197088253569, 4.304095418036529, 5.422920164924894, -0.04126390755863573, 1.3019747808553168, 1.4307618852537323, -11.759896398844479, -0.35284276734160663, -0.23622786013210922, 0.0251163466769753, -0.42181841148051175, -12.014449659222127, -8.246607913103142, -0.9874801203229587, -5.92305771410929, 5.205583163101913, 6.2242767235782726, 19.507404821711873, -4.37432126283797, 4.398977943601054, -0.11642678223171438, 4.306981402336554, 14.352659548965734, 7.192042892596714
1AGT(38);200;200;1;2;200;true;+2;-0.000001;+1;-0.00001;10;1;(5-n)/4;1397659035044;1397659042940;7.896;2.632;-10.919688825906283;-11.439668276149114;26.001081030601597, -0.05552489956721891, 0.053373750978346644, -10.663220833256453, -0.009200517288146876, 1.3241734241645502, -0.16418209796126157, 6.3069906597082355, -0.03841655913393498, 0.018008119389869633, 0.015137330604816552, 12.899695696207878, 0.0019011071259812354, 0.8457401564732271, 1.8469032301031478, -0.02234876877753604, -0.003915833395558902, -0.0017357355219521442, -0.00961381825297146, 5.6588385762703695, 13.417660647842911, 5.009185987094116, -0.12926211393450224, 18.985551362650554, 13.255920597332098, -1.938502713804635, 17.79284014377897, -6.363887359406081, 0.22604370571909366, -0.0409380461709547, -6.577954905325379, -31.158738503139013, -1.954971937873172, -6.220627149977146, 4.322233553213211, 6.682039662745274, -9.425466328560884
1AGT(38);200;200;1;2;200;true;+2;-0.000001;+1;-0.00001;10;2;(5-n)/4;1397659051120;1397659059687;8.567;2.856;-12.410420373104698;-14.141770315509497;-13.668638116564788, -8.194016843572816, -5.193339200041343, 1.8614616184172743, -0.0505154173398732, 0.3985254390002558, 0.011436158213366642, 1.9889848408764728, 0.0477486921317115, 0.03670238493741187, -0.04617555503624289, -5.2035720660404134, -0.07250082346925879, 0.02284016484391135, -4.31549133041761, -0.6260466612510099, -0.013357267149950693, 13.101651571580645, -5.978937256358939, -4.948145148888361, -1.9190109336148815, -6.369751807317623, 6.957799156012847, -0.48708298975220843, 11.418268647529525, 1.9598078728275912, -11.543566016663126, 18.858935602577258, 7.196156262255369, 12.431183294651838, 0.3096204807336117, -0.2652369351884867, 1.9098724290224143, -24.97319743289304, -29.475200394572187, -13.32597330965248, 10.088397434141704
1AGT(38);200;200;1;2;200;true;+2;-0.000001;+1;-0.00001;10;3;(5-n)/4;1397659108191;1397659117260;9.069;3.023;-11.941749777610715;-12.880520822490531;-0.10640582730698417, -1.6235193128823424, 0.05185263262299689, -0.006827252060781586, -0.1500112923404849, -1.8918808013469282, 0.0007789888459669276, -6.944606903705222, -0.03578918748018128, -0.018603915824505386, 0.018352850771079177, -1.7721831218154747, 6.289588660759353, 0.15287827771691595, 5.649281891882588, 5.803575166258734, -12.009271736973771, 0.06966194174147464, 0.023937709522009874, 0.5285315132019915, 1.8918236471756629, 0.32321241546746177, 0.6480260271804528, -0.1639183791520468, -7.978765676827738, 20.820066066362294, 17.82470732892234, -6.122373013134961, 12.452300498932328, -5.577321434734096, -5.763817704669523, -0.5400031858347649, -4.335409997257421, -18.717535360049716, -23.196632394688955, -6.7589145633446615, 7.671749598579943
F9(55);10000;400;1;2;400;true;+1;-0.000001;+2;-0.000005;10;2;(5-n)/4;1397660447815;1397666901127;6453.312;645.331;-10.44223746609843;-12.880505580073617;13.108912876805938, 4.331392206892955, -17.46899523163359, 29.949062783367044, 42.44509758108494, 0.42436923007454985, -64.77880484737769, 7.8604342362272694, -88.20322589105085, 24.816721964167545, -1.816596891155219, -18.575690992696615, 37.98768149125336, 94.39552167924737, 14.504171458051971, 69.6099089916107, 0.4478053021908796, -6.3493156238184145, -50.99119859721488, 1.944367663419752, -7.130087121655488, -56.10216945958804, -5.14950047703829, 13.191797489408986, -20.20483719635781, -13.601244677719668, -0.3709955784955207, -52.154837733789094, -49.27684195042541, 18.69513479996102, -37.772925438913546, -7.210299882264558, 30.656579078872785, -118.58951728719212, 18.14722484705852, 39.64070270793362, -6.519604151359786, -0.039985968813651955, -6.18160287329182, -12.064365830611287, -4.445870908109596, 38.17949021156016, -30.8598909127562, -56.8503490764512, 17.348766908974667, 150.84747589073373, 31.995468274644846, -44.64649581877875, 89.92368765065741, -88.85671932184215, 326.96671923023473, -0.140989373802189, 50.7467441364615, -62.97635893546239
F6(13);200;200;1;2;200;true;+1;-0.000001;+2;-0.000005;10;2;(5-n)/4;1397674942636;1397674945192;2.556;0.852;-2.6012859854533166;-3.190246202680318;37.65135179179887, -13.253823680962604, -1.8175211850742203, -19.429233722314837, -0.157978724831078, 0.5216717710743036, 4.339019981404958, 13.996994548387216, 11.061994547763428, 11.072416398791228, 14.309585944742116, 3.129290043445713
F6(13);200;200;1;2;200;true;+1;-0.000001;+2;-0.000005;10;2;(5-n)/4;1397675332783;1397675335420;2.637;0.879;-2.341048150232059;-2.406963471883317;-0.1276831823025661, -5.310265613390078, 8.01432981694109, 0.44330594035376, -6.009109863028564, 24.693910356285052, -16.909710905138773, 4.493520741193008, 24.146050828868677, -6.431902896741275, -14.328927431588403, 1.8857037209026322
F7(21);200;200;1;2;200;true;+1;-0.000001;+2;-0.000005;10;2;(5-n)/4;1397675335519;1397675339897;4.378;1.459;-3.171734074742517;-3.307776576795067;37.198457903865396, 10.633396488574782, 5.731547167328971, 5.836051431806298, -6.1258011674919155, 18.76318928457491, 20.793138214263497, 0.2636317082350636, 6.647247070945137, -6.190952353966769, 6.218240835113318, -6.141015880791379, 0.016430514512732673, -12.069574030020712, 1.9026620341336105, 25.712451842540986, 19.045964131549393, 6.219605661827071, -6.516391932102645, -50.03011202351772
F8(34);200;200;1;2;200;true;+1;-0.000001;+2;-0.000005;10;2;(5-n)/4;1397675339955;1397675347528;7.573;2.524;-4.664720876086752;-5.04359344255847;-0.3478012687079079, 0.49434859392417024, -6.494616965007699, 0.03162620525153693, 0.010088511482597956, 0.005288296685521534, -4.366446859097214, -0.0029541163140212124, 0.08252005801110962, 0.21404379307336094, -0.011509870302093833, -6.324447687085769, 0.12285957389568714, 7.074595539600186, -17.00240085872978, -6.192230115648998, -0.002858093022993765, 0.02024124861743332, 0.008770817533109997, 4.410070663330761, -0.009077586364733613, -0.24460855069407175, -18.48046019659951, -20.61460188410032, 0.00245479366334949, -7.026632461534796, -0.9842531752758942, 1.948029597547775, 6.450690794721081, 12.148974309050264, -6.360475765480807, -1.777842894187599, 93.05213557486445
F9(55);200;200;1;2;200;true;+1;-0.000001;+2;-0.000005;10;2;(5-n)/4;1397675347577;1397675367492;19.915;6.638;-8.159213832336377;-8.929645542208778;6.609456464085252, -4.328256088287835, 0.3118613377948191, 0.037627618700984786, 5.768230305757032, -0.19086253098721304, -8.2239257160557, -0.681807655352784, 6.481204774482203, -0.37758353403587813, 0.26899853094542664, 6.287719312243753, 0.20628769709721032, -0.6168039911279769, -1.9424848565311557, -0.00798268039539253, 0.028974683926940248, -0.03714101881905444, 0.003676503086316227, -10.629894226035555, 5.0629153464799, 0.07883717290787486, -0.44983286589005883, -8.099563151575001, 0.41545738636439256, -6.081917269059038, 0.16314894569989444, -1.9351851246757104, 1.04403890290115, -0.0074774697746358525, -0.016174545260566504, 0.10720046365037406, -0.8302902532779411, -0.08398710798677456, 5.725767143415059, -4.346005066009764, -1.697719835680298, 0.012177418045082034, -0.40628409187990766, 7.301207682560137, 16.93471018400311, 0.34609281331447705, 0.014113680350544777, 5.2110575562982735, -1.8291360796896265, 0.05596520144913017, -0.06616933029398511, -5.758327380807444, 1.8640084794930516, 6.952792446565499, 0.2088652281032105, 18.78462478709351, 4.510317690969481, 37.69406374227662
1AGT(38);200;200;1;2;200;true;+1;-0.000001;+2;-0.000005;10;2;(5-n)/4;1397675367600;1397675379108;11.508;3.836;-14.346800523536478;-15.232656393299717;-4.3490441479883275, 13.666403430629789, -0.1456020572782633, 1.928126772048477, -0.06618262612583828, -11.447211287036383, -0.11836926753106658, 1.0901445834384624, -0.026852466555987616, -5.456291305628491, -6.313087278519346, 5.228687769907059, 0.020368271790457637, -0.010711867896780351, 1.9772141756756811, -5.302671359552246, 0.06099670739970827, 0.07125222217382339, 0.38025139021357696, -0.6654007423412844, -1.9348355746200534, -0.2851384380419458, -13.094111616742035, -0.015573965436399346, -6.335802007639704, -0.7543164535687098, 6.2998457910207035, -0.26079390513996237, 37.09505148027338, 55.78111929235338, 6.724633323014173, 5.804564580556247, 8.22557467468813, -18.714015833077543, 20.79171020303301, 5.7525975907588185, 34.06108532526218
F6(13);200;200;1;2;200;true;+1;-0.000001;+2;-0.000005;10;2;(5-n)/4;1397675385710;1397675388361;2.651;0.884;-2.1154623101307166;-2.440026908136593;6.495657659981751, 24.145797952875117, -14.380610488893184, -6.557079797689629, -0.4357214348037603, 13.066233963001602, 10.62621308880102, -29.66052701205984, 18.994819913904525, 0.9952081116150051, -23.337587898871668, 5.934101408811066
F7(21);200;200;1;2;200;true;+1;-0.000001;+2;-0.000005;10;2;(5-n)/4;1397675388434;1397675392459;4.025;1.342;-3.682464384199317;-4.1926107190452875;0.25354492997027445, -1.908462811762915, 1.7459806703508263, 7.032066209354001, -6.21575859068416, 0.07286638303902486, 8.212404656247001, 0.4849532755540225, -0.02396470597027536, 0.01242469238778263, 6.0283526016400035, 0.4130120759456616, 0.07468263042826404, 0.10233244737943835, 14.483794636843324, -6.13484865162977, 44.45058000624247, 6.4194727124292115, 10.799556000425474, 16.55630257014332
F8(34);200;200;1;2;200;true;+1;-0.000001;+2;-0.000005;10;2;(5-n)/4;1397675392521;1397675399798;7.277;2.426;-5.213449074918934;-5.422674830454934;-0.0501689158309208, -0.0015765489206049348, 1.8022535644060793, 0.03011102593533193, 0.003130244012442993, 0.0028075834486134084, -4.313632842147855, 0.21682193651610096, 0.04249224745642966, 0.003498209218048571, -7.855635802692158, -0.993790050007163, -0.15733730422234685, 13.058482508760648, 20.556285107865406, 0.4292138427236451, -0.00007990100377421313, -0.00029980310978419775, 0.08619572239929772, -4.347049615658534, 0.018020881812712927, -0.019696711652318254, -0.03322729895886061, -8.071550878379394, -1.0652439833773084, -6.062699085621184, -0.008041859359275424, -14.51446877393517, 1.6036792068903634, -0.5542083526117152, 12.664659200559692, 12.5593824989974, 14.694135936976947
F9(55);200;200;1;2;200;true;+1;-0.000001;+2;-0.000005;10;2;(5-n)/4;1397675399845;1397675417459;17.614;5.871;-7.857001922149412;-8.65391857679576;5.5738102819877975, -7.245232985071689, -1.037621208642274, 0.01925589777448624, 0.08399488898035246, 6.075574992049558, 4.342711445203092, -0.004429018641621006, 0.01537313377444605, 0.2108927600197943, 4.822246379713349, 0.018136449689866746, -0.015186147138355598, 0.02735675740299616, -1.9302560594890565, -4.767059486412765, -0.01193109482845794, -0.028572337392819672, -0.014444742118372218, -10.666331341132068, -0.013518743187024937, 1.1356627713998555, 0.08276595053718129, 0.03866316597288145, 0.04508058498900598, 0.5018833334462911, -0.5427729065865442, -1.9746672463043617, -0.34369163565364014, -5.952982755584691, -0.15704877978129386, 0.05448176217813906, -0.3829410926369028, 12.201029855149484, -0.038833352723907616, -1.8847846073592491, -19.57396093456362, -19.45603296331505, 0.8081633345593106, 12.845908046816891, 8.231768663068257, 18.96723212138724, 0.609897425128109, -6.146775854379433, -6.8481574835001995, -18.949164514342264, -0.11631876967697194, -0.31313238214072187, -1.9552707850530475, -6.483065599646356, -0.34437684773529675, -19.04484116857435, -25.16253411593159, -37.07887212637286
1AGT(38);200;200;1;2;200;true;+1;-0.000001;+2;-0.000005;10;2;(5-n)/4;1397675417507;1397675426592;9.085;3.028;-13.683241128956006;-15.77070683700132;19.914967124065832, 1.9421216691317273, -1.0470654891246027, 16.8940607913542, 19.621036719471416, 4.34753720126547, -11.991672300812626, 27.058658475403554, 0.48618114327123646, -1.9352155516284275, 0.762765222022024, -1.950407212184918, 5.2316151676240725, 1.00340789853554, 14.521521753102315, 6.476260773272841, 11.876563239237448, -12.35441734948133, -0.5565127984547417, 0.46204862536794383, 10.643943794000629, 18.995362903050264, -37.52877647244515, -24.900071516506085, 13.034668864525162, -1.9456019954438755, -1.0465688974881935, 0.5985362324543633, -0.03449833178388317, -19.499562899989673, 12.085039074737553, -5.751385807548334, -1.9117565162886818, -0.22819347123523823, 4.3881049283112254, 0.5207667374328875, -7.514622065606822
1AHO(64);200;200;1;2;200;true;+1;-0.000001;+2;-0.000005;10;2;(5-n)/4;1397675426648;1397675448327;21.679;7.226;-14.011033619622813;-14.944280512788422;-0.2924017346584869, 0.07188327641329892, -0.10017496805087306, -10.6595668160919, 1.0693511455479028, 0.14514918509693941, -0.07808363668788838, -0.013254419991537678, 0.005456143641625383, 1.9538531410324755, -1.2121962806367166, -6.161738682119803, 33.24079224468084, -6.05689027253259, 6.703976663360209, -0.017067374940197215, 0.10681790365503634, -0.015471461174895576, -0.2703076137887408, 16.911268741798622, 7.636821969154835, 0.05445885557507249, 0.10739766065413506, 1.0551283606665862, -17.029491374447474, -0.5803361526008717, 0.09043517030815357, 6.62305117108946, -1.9456227266963517, -0.053579649980356164, 12.853273578032567, 0.003034454402027356, -0.11465717653324649, -1.962024328617294, 25.353460500075336, 0.2048650845121318, -0.16912219509555732, 5.601315792338579, -1.8038070455978938, -0.6476991051851196, 7.940064412124407, -0.05552489956721891, 1.950692935619522, 0.41149282637263407, -13.528241654215716, -8.254314855693076, 1.7775642660061524, 7.10368146084396, -6.2493534561409785, 0.3458995910468689, -5.993396519693796, 0.3351231521280501, 25.630918466700106, 0.25819100658966826, 0.08385962474629058, 13.192840524536145, 0.6364014731180059, 0.08653379143764547, 1.2325788928747743, 0.7975613657747971, 1.9717877893909113, -1.204171583107947, -35.827061041380766
F6(13);200;200;1;2;200;true;+1;-0.000001;+2;-0.000005;10;2;(5-n)/4;1397675580678;1397675583403;2.725;0.908;-1.766903079088243;-2.3124380282453334;-12.624813901832889, -19.67025660418364, -1.6181734010480533, -0.8274758911478528, -6.215035194521341, 0.42956649822669984, -8.224212520053056, -61.04215069339491, -30.429174123309522, -18.70087162771021, -4.520655916619331, -3.0846992582780093
F6(13);200;200;1;2;200;true;+1;-0.000001;+2;-0.000005;10;2;(5-n)/4;1397675618768;1397675621344;2.576;0.859;-1.9940822467274992;-2.2953275288676025;1.528922449622808, 39.16392773030816, 30.370445284742967, 0.4577185416757829, -0.07159346162648467, -12.261879774906959, 1.9500787994818047, 6.843238370775818, 0.41291711592620345, -0.16929946567965282, 17.07776706504362, 1.598687426483795
F6(13);200;200;1;2;200;true;+1;-0.000001;+2;-0.000005;10;2;(5-n)/4;1397675640661;1397675643212;2.551;0.850;-1.845859941166718;-2.395761632637312;20.34634105798648, 1.4997631540172804, 42.936642406907424, -0.07093163297206417, 0.21281977883081438, 6.823829180977877, 1.9411491276937025, 0.4816173908584842, 0.00690368556433732, 0.15597351723941397, 17.091646558893476, 51.98999768802832
F6(13);200;200;1;2;200;true;+1;-0.000001;+2;-0.000005;10;2;(5-n)/4;1397675784394;1397675785300;0.906;0.906;-1.4765085866580476;-1.4765085866580476;-0.31773065090693875, -12.072999926445478, 6.291395141352717, 1.4026530313560555, 1.5720930145965897, 0.013313427926215725, -20.792168530350395, 1.8108878462672056, 0.5398888802973054, -12.373144346106338, -26.875051551932454, 25.0413316217021
F6(13);200;200;1;2;200;true;+1;-0.000001;+2;-0.000005;10;2;(5-n)/4;1397675836717;1397675837599;0.882;0.882;-1.3943468809172535;-1.3943468809172535;-43.830706547153014, -12.990800576462075, 37.942595732211885, -6.330602170220953, -0.6413543731605668, -0.01684943587587698, -1.9324331885100332, -0.6322523000011818, -0.021282590988618306, -0.28101040419030415, 44.30716039139424, -13.658157125540813
F6(13);200;200;1;2;200;true;+1;-0.000001;+2;-0.000005;10;2;(5-n)/4;1397675850301;1397675851201;0.900;0.900;-3.0404131232922507;-3.0404131232922507;0.8573465963684861, 0.037093201292432536, 1.7941873973394817, 0.936146088437272, -0.02001558938532515, 24.58225088102424, -4.333169256670656, -20.3206364423133, -4.7489047141209095, -4.813217271867034, 4.542610412497103, 15.16542302446712
F6(13);200;200;1;2;200;true;+1;-0.000001;+2;-0.000005;10;2;(5-n)/4;1397675871221;1397675872110;0.889;0.889;-1.6893091643403755;-1.6893091643403755;-12.411753686700052, 12.139025688599336, -6.145097070781362, -0.028141521108271887, -6.439764108972177, -0.5280494757429502, 4.351132409725824, 12.127352102558824, 12.406226980110443, -0.059719145498609925, 0.1709239750214987, -7.377360902335434
F6(13);200;200;1;2;200;true;+1;-0.000001;+2;-0.000005;10;2;(5-n)/4;1397675938034;1397675938932;0.898;0.898;-1.7033491389863162;-1.7033491389863162;0.1528414376068471, -50.69600664832078, 0.14188501242327436, -0.019096004677208817, 12.412933539734377, 12.041758134315888, 4.332862819658877, -13.036349832893578, -0.04773254803723678, -6.428041651462602, -18.68709238650686, -0.44665847003243675
F6(13);200;200;1;2;200;true;+1;-0.000001;+2;-0.000005;10;2;(5-n)/4;1397675980915;1397675981791;0.876;0.876;-2.322812395829141;-2.322812395829141;6.273507244923517, -5.387598900009574, 1.827581697236464, 6.653974307339759, 0.16284063167143142, -0.2624822482959288, -4.36743941492905, -1.7684587010429067, 5.7383996103766455, -0.6054559922431144, 67.33275935028492, 33.6854346980325
F6(13);200;200;1;2;200;true;+1;-0.000001;+2;-0.000005;10;2;(5-n)/4;1397676007067;1397676007973;0.906;0.906;-1.696323700101842;-1.696323700101842;6.435556594511881, -19.261457380524867, 12.639174778177194, 0.26019780803375875, 12.219263619862444, -0.5568654732483292, -1.9411941960009795, 18.440385863798735, 0.013840290206604398, -12.843823166369244, -12.396015742107016, 51.786357923851035
F6(13);200;200;1;2;200;true;+1;-0.000001;+2;-0.000005;10;2;(5-n)/4;1397676023860;1397676024752;0.892;0.892;-1.3190656107262542;-1.3190656107262542;6.704929143786093, 0.00925998377242665, -1.7723345023603583, -0.13471042873905717, -0.003921831591970738, 6.0608924587828, 4.343322828955468, -0.11871313990000999, 6.375843301814189, 0.018625841433471103, -4.537001701978744, -12.905578701077694
F6(13);200;200;1;2;200;true;+1;-0.000001;+2;-0.000005;10;2;(5-n)/4;1397676037704;1397676038605;0.901;0.901;-3.1439195959881165;-3.1439195959881165;-12.399806074412435, -0.9805398881459715, -1.6888156954419895, -25.617218743882006, -6.620408250722924, -5.743524649523667, -8.2286602793201, 32.84747280092153, -1.507554407019546, -14.057829236135396, 1.7429255650200697, 85.88363122134834
F6(13);200;200;1;2;200;true;+1;-0.000001;+2;-0.000005;10;2;(5-n)/4;1397676078867;1397676079753;0.886;0.886;-1.5383406229010312;-1.5383406229010312;18.697450965551532, -5.8567467954810875, 12.225567262526479, -0.15829305455850268, -5.712216841530367, 0.45985845307904594, 8.237691699496441, 0.26688769309886634, -0.022635996596705482, 0.4223357953172373, -6.430353370760582, 19.661725201379017
F6(13);200;200;1;2;200;true;+1;-0.000001;+2;-0.000005;10;2;(5-n)/4;1399549853555;1399549854490;0.935;0.935;-1.7032057265415266;-1.7032057265415266;-24.98242287844126, -13.008152547296884, -6.1440721366645334, 6.235834337346143, -0.05382557077979007, -6.870114588205199, 4.357226934469502, -0.5099556514620458, -0.0446569531020781, 6.182669428338762, 0.10945882244136731, 18.238824806027704
F6(13);200;200;1;2;200;true;+1;-0.000001;+2;-0.000005;10;2;(5-n)/4;1399549863186;1399549864113;0.927;0.927;-1.4869638984720275;-1.4869638984720275;0.5520717848328953, 0.5464542766630354, 1.251939020658544, -0.13259040778749226, -18.875561872006685, 0.02170379264749094, 1.9407884931872665, -0.005991501964523881, 0.9267194593627496, 0.23039487779539086, 20.590823613035028, 2.3744202602437667
F6(13);200;200;1;2;200;true;+1;-0.000001;+2;-0.000005;10;2;(5-n)/4;1400503806372;1400503807318;0.946;0.946;-1.7124890972370062;-1.7124890972370062;-24.98063783170835, 24.696813169060427, 6.420504672864756, -12.498573789471186, -0.2267508490207662, -0.5227400614978684, -1.9446783758333508, -0.484048764483453, 6.279467872188963, -6.4369861084172655, -25.01492215249398, -27.10858887636475
F6(13);200;200;1;2;200;true;+1;-0.000001;+2;-0.000005;10;2;(5-n)/4;1400508508656;1400508509640;0.984;0.984;-1.6486896568989864;-1.6486896568989864;5.792326773184339, -0.00036780457670252217, -1.571646111181468, 0.12193008218631962, 0.019572586369065243, -0.026276186995638405, -1.9433586222151893, -6.491900572495305, -0.589703218366304, -0.13253341549138162, 4.581975544788724, -12.105131127434593
F6(13);200;200;1;2;200;true;+1;-0.000001;+2;-0.000005;10;2;(5-n)/4;1400508569303;1400508570232;0.929;0.929;-1.5171205478549687;-1.5171205478549687;5.810957602356515, -18.863438077240772, -20.360813901156344, 18.963885472567963, -0.05416399092969316, 6.105697114665525, -1.9426153527171528, -12.543401275695262, 12.231404115173193, -0.72900502939798, -1.3881387791615143, -27.932778714999234
F6(13);200;200;1;2;200;true;+1;-0.000001;+2;-0.000005;10;2;(5-n)/4;1400508636728;1400508637632;0.904;0.904;-2.2079823532578486;-2.2079823532578486;12.719043219477188, -1.0430170020423937, 4.526932520047144, 5.919619701343425, -6.515655775644159, -5.993327756043463, 4.358800688519661, -4.490346724213265, 44.96891384857894, -6.379322624743313, -62.82362354411069, 21.26517981078608
F6(13);200;200;1;2;200;true;+1;-0.000001;+2;-0.000005;10;2;(5-n)/4;1400508705756;1400508706681;0.925;0.925;-2.3703413993660174;-2.3703413993660174;-0.4047816315156428, 5.91444563987643, -8.01792136345343, -7.18674857209172, -0.025277409993786075, 0.6648099209456909, 4.3376689778700666, 26.92281233122407, -24.145048472796105, -18.701325840901248, -29.653795656266887, 17.953205164749672
F6(13);200;200;1;2;200;true;+1;-0.000001;+2;-0.000005;10;2;(5-n)/4;1400508716135;1400508717042;0.907;0.907;-3.0936086230150055;-3.0936086230150055;0.6992366191654674, 6.4553580879433134, 45.79082167035863, -5.422770430980524, -0.0034575956190707304, -0.546261118531979, -10.62195014247129, 4.862224472361745, 20.351542945405992, -23.63620155004507, 42.240281601608, -4.300969562446645
F6(13);200;200;1;2;200;true;+1;-0.000001;+2;-0.000005;10;2;(5-n)/4;1400509598953;1400509599880;0.927;0.927;-2.4260993445156087;-2.4260993445156087;0.19986062981173758, -13.598222396323797, -8.045580007410598, -0.348134938099273, -12.896020626380325, 19.260966497170028, -20.787229345173685, 8.038549124842467, -31.27073475643496, -24.137473303097458, -29.62077243974145, 9.32859861416712
F6(13);1000;100;1;1;200;true;+1;-0.000001;+2;-0.000005;10;2;(5-n)/4;1400511105439;1400511123913;18.474;1.847;-0.775644924229554;-1.3248217310413275;0.06710739582171518, -6.421106415974787, -14.280809745156786, -6.298317750416416, -0.011478924775788407, -0.04926950754693097, 16.9094695136267, -12.690550265266811, -0.11450607884264614, -6.390515027614349, -123.91948511492515, -112.03323445304372
F6(13);1000;100;1;2;200;true;+1;-0.000001;+2;-0.000005;10;2;(5-n)/4;1400511124044;1400511147417;23.373;2.337;-2.4534786186411717;-3.172762267239697;6.266429236954168, -0.7402303862113901, 4.530806293966813, -6.94615749476112, 12.468075947409124, -5.773312865381311, 10.622294723307801, -17.421182636922683, -51.76824118586073, -7.778542506519313, -48.522191902774146, 62.601529969876786
F6(13);1000;100;1;3;200;true;+1;-0.000001;+2;-0.000005;10;2;(5-n)/4;1400511147514;1400511176839;29.325;2.933;-2.3456562520409046;-2.7491265587649862;-6.562305922621499, -5.189299784687758, -17.219786116624924, 6.824029789780433, -56.26965354623624, 12.09145424474243, 45.910894091648316, 18.37856298078375, 0.9347894905323015, -48.9943784323777, 37.41581109063803, -16.744671673643193
F6(13);1000;100;1;4;200;true;+1;-0.000001;+2;-0.000005;10;2;(5-n)/4;1400511176922;1400511210280;33.358;3.336;-2.110500917060828;-2.4236204223359206;-31.71972595926096, -63.2161488863862, 54.729016990327146, -25.979728811218177, -18.818072503190617, 19.44014718234063, -45.92550789532755, 96.0377450661637, 32.403292704928646, -6.134809173197986, 70.87731259801187, -4.6808748892651995
F9(55);1000;100;1;1;200;true;+1;-0.000001;+2;-0.000005;10;2;(5-n)/4;1400511516888;1400511620863;103.975;10.397;-7.534851839872052;-9.80940273293082;0.21965332820963668, 8.226057180400447, 6.400998741401958, 12.281898245537421, 0.060177762659602806, 25.19105586663751, 10.674811001385239, -6.429667892613976, 12.663875177570711, -6.2776530721178405, -0.022216935442573502, 6.334398248559078, 5.214573072180487, -0.035005642873509574, -1.9798325362710336, -0.02878849680768984, 0.03327466953145585, -18.814546432889877, 12.47068980520428, 1.9409980281307202, 0.12331365526465263, -6.398906209990768, 6.303765212691014, -8.069041498101203, 12.292162661746504, 6.202455864278841, -12.453007046119653, 8.213369141455827, -12.316156318603486, 0.3837438896861088, -6.305551447973911, 1.2580146072654614, 0.05175130633778732, -12.292610589110476, 4.441798327412402, -0.13944702382217267, 10.921664315156576, 0.022159215089436926, 6.2272446351193995, -43.377118151903154, -14.513423847797746, -30.664698277344176, -18.39875971564284, -0.4888907623965755, -24.684369125374552, -0.16266926254586994, 18.53459583793982, -0.4561805013416562, 4.355440718278602, 24.639625698433036, -12.45118770217124, 12.32989322022851, -18.825183477177138, -33.840500397089286
F9(55);1000;100;1;2;200;true;+1;-0.000001;+2;-0.000005;10;2;(5-n)/4;1400511620998;1400511735090;114.092;11.409;-9.02441188866398;-10.025537386417064;12.086347252785206, -8.217576022318445, 5.743917557678895, 32.042370347583876, -11.42267371246733, 0.25223991967567366, 4.338877207997463, -11.096750113697729, 31.687591635850744, -6.103114477356537, -25.572423294567425, 19.04110319041159, 0.5181075338736467, -5.982916086921884, 1.7281013058847232, -11.734615831964861, -12.836242611370482, -37.39737847657215, 6.180684060434347, 4.3602885326662575, 14.389049258484212, -6.622573842366069, -0.09308864813203031, -1.8653077004123024, -7.274738122363979, 12.9742841020819, 0.02668954491446584, 4.3753463031019795, 26.60462871272852, -0.10174057366134609, 6.56691175911176, -4.746244775610125, 25.73009915756294, 6.2254973321189375, -4.552969421725675, -1.9492006073958323, 0.6613795485866552, 18.20207086878541, 0.4461054488116364, -0.32544849850521484, 1.881973294311497, 10.83012562423076, -1.1661486469293558, 0.6292062585858887, 4.46401816598625, -0.5262054537987374, 6.646448336591485, 0.8557031163388844, 4.361519928112045, 5.708818219280155, 0.31924904691767997, 0.8927161202611117, 26.938290455794018, -93.4532685314917
F9(55);1000;100;1;3;200;true;+1;-0.000001;+2;-0.000005;10;2;(5-n)/4;1400511735203;1400511862543;127.340;12.734;-7.976149755391704;-9.916117955147817;-56.141355030017344, 71.06104123639264, -12.092879374592995, 50.38871297630139, -18.52462170003844, 44.19306702056981, 8.22406079219004, 25.26771082413296, -6.503656397750414, -44.221779283055085, 19.802578990256624, -6.5827826864178265, 37.77123504851583, -0.8624324457247582, -23.19486554944932, -31.89639216891578, -43.99224713560145, 0.10666373897979511, -6.569971155139367, -23.269250714727537, -0.4067889250112572, -48.703083835004286, -17.418413676480952, -13.616288565786517, -6.916774183414687, -6.914066643155598, -6.178904539310157, 10.632877392271453, -12.734861805361387, 6.126922128739035, 7.281114001017356, -36.06736370276289, 6.8461107516920885, 25.4062340236904, -31.53813383722026, -58.473598856327236, -18.890923439137826, 0.1545989977198865, 5.329925631890156, -14.375106805742499, -48.31349563092231, 4.509975866627392, 19.099639840153614, 6.960434661097072, -17.10387982789637, -5.545354402465049, 6.14477375940132, -12.87323976389938, -4.357841074480771, 4.4743427559635816, -7.254622152177071, 0.09397479156993586, -18.857677730468815, 11.815961706702112
F9(55);1000;100;1;4;200;true;+1;-0.000001;+2;-0.000005;10;2;(5-n)/4;1400511862628;1400511998051;135.423;13.542;-6.8610769982729165;-9.095934245848822;6.122492285091142, 8.22094679424819, 6.11382525207473, 6.281258746348532, 6.282410600715169, 31.57292677950633, 10.628635782757584, 6.440421173042059, -43.98404312040324, 31.414374569269086, -6.284372845840386, -43.98354036229791, -25.13185440534263, -18.673266501218325, -14.504519193702754, -6.041731177584013, 0.3778424295071494, 6.406517125311884, -6.5796682161756745, 1.9357234528939842, -5.997138875432717, -0.8917893301733962, -6.516329921112083, -23.402170530435345, -5.298278899078208, 0.259999493558506, -11.716552438413968, -1.9359708821677013, 0.4621741868848574, -0.2966689782962262, -25.58308844027281, -12.70206458634111, -6.0046077879885855, 0.0028277680495729695, -19.094874605151297, 29.464201280294002, -5.969240235338163, 12.137028285802915, -0.8959089838167951, -1.7922197540654445, 8.124064677703645, 5.936792050323401, 0.02867193382158088, -5.555571276105717, 1.7110153111685298, 0.8001044491152457, -6.4164802538873085, -7.74577168957397, -10.635894242849936, -13.365724754297045, 18.945386969930297, -24.24402212589132, -23.342791987040794, 3.8129471491083384
F6(13);1000;100;1;2;200;true;0;0;0;0;10;0;0;1400519323351;1400519340351;17.000;1.700;-2.8130221739449106;-3.190972042208204;25.131771244915207, 11.769374127713364, -8.109663167492002, -6.718879562940246, -12.817949359637844, -12.088235022797228, 4.342824916756899, -86.56373149702716, 36.21344564678549, 11.057008681449986, 20.59293423891687, -17.837073251181728
F6(13);1000;100;1;2;0;true;0;0;0;0;10;0;0;1400519365454;1400519382431;16.977;1.698;-2.501731870681715;-2.7964376657856738;-6.149641133549088, 13.157021928044148, -42.35705773390954, 38.66961623830737, 44.04392238315562, -7.092493727774849, 8.21869648804218, 11.189572442065767, 26.653843563545504, -55.01267827251649, -221.48323774885262, 147.8497773742988
F6(13);1000;100;1;2;400;true;0;0;0;0;10;0;0;1400519411379;1400519429204;17.825;1.782;-2.757158645962701;-3.1691635870657615;50.2346047589837, 32.307533629457126, -104.96585670062557, 50.487371789690975, -49.815288154547495, 5.781494421345213, -10.620041721587775, 11.121597332147596, -55.034616696533654, -105.32779593505798, -70.85725024910413, 46.86174061235394
F6(13);1000;100;1;2;250;true;+seq.length/10;-seq.length/10000;0;0;10;0;0;1400519556534;1400519574554;18.020;1.802;-2.677682146070185;-3.1888771037583608;-12.598401066496596, 38.5201423061465, -10.747026484473857, 13.019812621259462, 25.343409189606465, -0.4386001296818075, -16.905423270828965, -14.027772623053211, 26.6540480270155, -80.2012340836376, 10.8241335102869, 10.862929312171364
F6(13);1000;100;1;2;250;true;+seq.length/10;-seq.length/100000;0;0;10;0;0;1400519588289;1400519606246;17.957;1.796;-2.5922808070546046;-3.19004553695559;18.698324884913948, 93.6432156628677, 130.144638627864, 30.728808897362306, 6.232016908888687, -30.90561571379093, 42.04040062584499, 83.09118136034891, -32.90813122578735, 4.779411548833674, -23.389188623054306, 17.0234963574343
F6(13);1000;100;1;2;250;true;+1;-0.000001;0;0;10;0;0;1400519679347;1400519697309;17.962;1.796;-2.8705861869295486;-3.144744099801577;37.724781045513645, -25.947336106680854, 10.854308016277573, 93.58086411462787, -31.51611908241867, 44.47466394437255, -127.60175440522785, 57.92848502450218, 55.076409649796915, 67.59531392479371, 246.78838162313357, -73.28008673209857
F6(13);1000;100;1;2;250;true;+1;-0.000001;0;0;10;0;0;1400519721569;1400519739443;17.874;1.787;-2.613492582984511;-3.180767836388408;6.275965068751807, -18.14578480331066, 20.66314059214425, -18.27149212206514, 6.4779279309117275, 5.7225496374044615, -48.321253917037154, 168.22645266403137, 64.32666225236119, -73.8960772033208, 98.78723506229876, 49.01400681217396
F6(13);1000;100;1;2;250;true;+1;-0.000001;0;0;10;0;0;1400519742259;1400519762916;20.657;2.066;-2.7205830462624156;-3.1567407388013455;-56.73663514628926, -0.6860534954352354, 67.30289506129894, 12.101089501886552, -12.832801399795994, -68.60264863969275, -1.949062821873573, 14.031551052512357, -51.79496623903258, -26.606375847441335, -86.22291125957118, 65.86245949882979
F6(13);1000;100;1;2;250;true;+1;-0.000001;+2;-0.000005;10;2;(5-n)/4;1400521008765;1400521030758;21.993;2.199;-1.7592749210262117;-2.4348369402422967;-0.107216819419973, -0.6440363709682879, -1.7833141377421613, -0.690998631196876, -0.05757717568031257, 0.5067198098961696, -1.9401325124014794, 1.7554428282339978, 0.14527584427700319, 0.9951780835696402, 1.7951541562895734, 1.2815660945466127
F6(13);1000;100;1;3;250;true;+1;-0.000001;+2;-0.000005;10;2;(5-n)/4;1400521030898;1400521058634;27.736;2.774;-1.9654526928627565;-2.433427997419729;-0.15341333202334625, 0.9479528548344405, 1.8186730720201971, 0.3045633201957438, 0.3814294131689708, -0.4747211965402584, -4.3426487826091, -1.7897079456048404, -0.9867956725128233, -0.14866620541702621, -1.7625156870071155, 0.14166758794970408
F9(55);1000;100;1;2;250;true;+1;-0.000001;+2;-0.000005;10;2;(5-n)/4;1400521240253;1400521362223;121.970;12.197;-7.915813250469401;-9.674289103075179;0.1962248929221449, -1.9296549841059127, 0.461236222834001, 0.2882406884980998, 0.6039204841688829, 0.04259932411389379, 1.9362810853832795, 0.28731761296037406, -0.05967661458467445, -0.0014333437630662505, 0.7335026030032141, 0.2981323393860768, 0.031549893349494575, 0.0043460912651796255, -1.9413068008179746, 0.23129777832923462, -0.909885506249597, 0.020231951847612655, 0.34467657101388177, -1.9069332788476172, -0.006731314084186964, -0.00740951603768582, 0.0009515973814956572, -0.0019598830437335566, -0.00871025829486339, -0.025759075839459113, 0.7364123635348228, 1.9401549858277172, 0.2812060883426844, 0.2657565742521611, 0.06397087063209214, -0.45250849765071577, 0.4980735363207062, 0.02681898705784506, -1.725458154972077, 1.9420041106076043, -0.2291879689056585, 0.0669183054870603, -0.4686703030145114, 0.46827875324503226, 1.938884701337542, 0.5261973866289813, -0.2676735814746869, 0.06182887553259969, -1.7817535319317381, 0.5553125520546156, -0.3764962539040915, -0.019698765537425868, -1.9418099949886969, -0.26430130693100334, -0.043727003436874266, -0.5880446883402403, -1.7422618708737683, -1.890608739533768
F9(55);1000;100;1;3;250;true;+1;-0.000001;+2;-0.000005;10;2;(5-n)/4;1400521362314;1400521500366;138.052;13.805;-8.825573516482406;-10.29295033237021;1.7553370573960132, -1.9484698521453545, 1.7050485902953676, 0.6542006602306875, 0.08846505643819189, 0.2742465829489024, 1.9428110814181925, 0.4360833685493268, -0.5652090279629651, -0.8537433577310136, 1.4435797446777663, 0.011389468181830748, -0.07717293198859101, -0.6282829092022068, -1.9480722757419893, -0.3156985122481603, -0.28584937751927436, -0.01478232684921301, 0.672566521222165, 1.9358774117407234, 0.4358514307923414, 0.06395498753511168, -0.2905864954334467, -0.5663157179121358, 0.3891979586545126, -0.17163489378655908, 0.5160948835279526, 1.9669271543651483, 0.4925179984905691, 0.1535714281039907, 0.11253356272253909, -1.8374137860108668, 0.18561611809674214, 0.08565267167497262, 0.6523283949736652, -1.9273786709158884, 1.284510830161177, 0.14382392472030706, -0.29568628063677527, 0.20638189484457117, 1.9192291305962024, 0.08698654674066834, 0.17342698785361046, 0.4974559688573821, 0.10448850525238819, -0.23084595314555081, 0.2032024752767674, 0.5437145340554075, 1.9463771295224406, 0.4297449818869425, 0.07778232757175417, 0.3099943563418187, -0.4474326596725384, -0.1065313668418002
F6(13);100;100;1;2;250;true;+1;-0.000001;+2;-0.000005;10;2;(5-n)/4;1400523804163;1400523806951;2.788;0.279;-1.7091846402797395;-2.2653692389598206;-0.05011150755573119, 0.8622795199441203, 1.798531084457863, 0.4493292565364316, 0.21537594559387443, -0.4212857980873931, 1.9369945681068252, -1.7395636820097886, -0.1374246340001983, 0.0041382006038167655, -0.0010547047856609125, -1.2396182082268892
F6(13);100;100;1;3;250;true;+1;-0.000001;+2;-0.000005;10;2;(5-n)/4;1400523807053;1400523810623;3.570;0.357;-1.6290831809381072;-1.7568188379568892;-0.3888508377960087, -0.42526230420805783, -1.7174242305161223, -1.0519223192522278, 0.32491139048656215, 0.6136930672545073, 1.9301250175281977, 0.4648672613258583, -0.18013112703461626, -0.12537419838316843, 0.002428582286529408, 1.5829745248364975